Date,Text,score,url,comments_num
2022-03-11,"finehere's some gain porn for u autists.



Started my roth ira with  in April  rest is gainz from options and pennystockslatest is a gain from TSLA sharesnot much, but it seems like u all are begging for some pornI guess  to  is %going for %",213,https://www.reddit.com/r/wallstreetbets/comments/tbds3i/fineheres_some_gain_porn_for_u_autists/,77
2022-03-07,"Tesla May Have a Path to a $ Trillion Market Value Here's Why.One thing we know for sure: $-a-gallon gasoline prices will significantly accelerate EV adoption, Black tells Barrons He was referencing a picture of gasoline prices posted in California recently Regular octane gasoline was $ and nine-tenths per gallon Premium octane gasoline was about $ a gallon

Electric-vehicle penetration world-wide will be % by , Black estimates Tesla ticker: TSLA will have % EV share With global light-vehicle sales at  million units, Tesla would be delivering about  million vehicles a year by the end of the decade, according to Black


Note: the article is EV centric But they forget to mention battery storage and solar which is starting to print money

",68,https://www.reddit.com/r/wallstreetbets/comments/t86ncr/tesla_may_have_a_path_to_a_4_trillion_market/,127
2022-03-08,"TSLA  YOLO.



Options/pennystocks got my account to where it isnow it's time to go shares in TSLAgas over $ and all countries preaching EV and alternative energythere is no bigger alternative energy EV stonk than TSLAUkraine/Russia/USA is going to put Elon in deep GOD status",54,https://www.reddit.com/r/wallstreetbets/comments/t9igrh/tsla_320k_yolo/,68
